<?xml version='1.0' encoding='UTF-8'?>  
<!DOCTYPE hibernate-mapping PUBLIC  
          "-//Hibernate/Hibernate Mapping DTD 3.0//EN"  
          "http://hibernate.sourceforge.net/hibernate-mapping-3.0.dtd">  
  
<hibernate-mapping package="com.kb.model">  
<class name="Employee" table="Employee2">  
<id name="id">  
<generator class="increment"></generator>  
</id>  
<property name="name" column="Name"></property>  
<property name="city" column="City"></property> 
            
<union-subclass name="PermanentEmployee" table="PermanentEmployee">  
<property name="salary" column="Salary"></property>  
</union-subclass> 
            
<union-subclass name="ContractEmployee" table="ContractEmployee">  
<property name="hourlyRate" column="HourlyRate"></property>  
</union-subclass>  

</class>  

</hibernate-mapping>  